Workbook

Sheet Impediment Log
A1: Registro de Impedimentos (Impediment Log)
A2: Completar solo las celdas resaltadas en amarillo. La columna 'Días abierto' y el resumen se calculan automáticamente.
A4: ID | B4: Fecha reportado | C4: Impedimento | D4: Descripción | E4: Reportado por | F4: Responsable | G4: Estado | H4: Fecha resolución | I4: Días abierto | J4: Notas / Acciones
A5: 1 | B5: 46279 | C5: Falta de lista de proveedores | D5: El equipo no cuenta con la lista de proveedores de nury's para ingresarlo en la base de datos | E5: Sebastian Sepulveda | F5: Maher Darwish | G5: Cerrado | H5: 46279 | I5: =IF(C5="","",IF(H5="",TODAY()-B5,H5-B5)) -> 0 | J5: -
A6: 2 | B6: 46286 | C6: Falta SKU de productos | D6: La lista no cuenta con los SKU de los productos que se venden en el negocio | E6: Nelson Alfaro | F6: Maher Darwish | G6: Cerrado | H6: 46287 | I6: =IF(C6="","",IF(H6="",TODAY()-B6,H6-B6)) -> 1
A7: 3 | B7: 46292 | C7: Sin conexion en BD | D7: pgAdmin pide contraseña para poder ingresar, al ingresar una contraseña valida da un error | E7: Sebastian Sepulveda | F7: Nelson Alfaro | G7: Cerrado | H7: 46293 | I7: =IF(C7="","",IF(H7="",TODAY()-B7,H7-B7)) -> 1
A8: =IF(C8="","",ROW()-4) | I8: =IF(C8="","",IF(H8="",TODAY()-B8,H8-B8))
A9: =IF(C9="","",ROW()-4) | I9: =IF(C9="","",IF(H9="",TODAY()-B9,H9-B9))
A10: =IF(C10="","",ROW()-4) | I10: =IF(C10="","",IF(H10="",TODAY()-B10,H10-B10))
A11: =IF(C11="","",ROW()-4) | I11: =IF(C11="","",IF(H11="",TODAY()-B11,H11-B11))
A12: =IF(C12="","",ROW()-4) | I12: =IF(C12="","",IF(H12="",TODAY()-B12,H12-B12))
A13: =IF(C13="","",ROW()-4) | I13: =IF(C13="","",IF(H13="",TODAY()-B13,H13-B13))
A14: =IF(C14="","",ROW()-4) | I14: =IF(C14="","",IF(H14="",TODAY()-B14,H14-B14))
A15: =IF(C15="","",ROW()-4) | I15: =IF(C15="","",IF(H15="",TODAY()-B15,H15-B15))
A16: =IF(C16="","",ROW()-4) | I16: =IF(C16="","",IF(H16="",TODAY()-B16,H16-B16))
A17: =IF(C17="","",ROW()-4) | I17: =IF(C17="","",IF(H17="",TODAY()-B17,H17-B17))
A18: =IF(C18="","",ROW()-4) | I18: =IF(C18="","",IF(H18="",TODAY()-B18,H18-B18))
A19: =IF(C19="","",ROW()-4) | I19: =IF(C19="","",IF(H19="",TODAY()-B19,H19-B19))
... A29: =IF(C29="","",ROW()-4) | I29: =IF(C29="","",IF(H29="",TODAY()-B29,H29-B29))
A31: Leyenda: celdas amarillas = completar manualmente · ID y Días abierto se calculan solos · fila 5 es un ejemplo de referencia.

Sheet Resumen
A1: Resumen de Impedimentos
A2: Estado | B2: Cantidad
A3: Abierto | B3: =COUNTIF('Impediment Log'!$G$5:$G$29,A3) -> 0
A4: En progreso | B4: =COUNTIF('Impediment Log'!$G$5:$G$29,A4) -> 0
A5: Escalado | B5: =COUNTIF('Impediment Log'!$G$5:$G$29,A5) -> 0
A6: Resuelto | B6: =COUNTIF('Impediment Log'!$G$5:$G$29,A6) -> 0
A7: Cerrado | B7: =COUNTIF('Impediment Log'!$G$5:$G$29,A7) -> 3
A8: Total | B8: =SUM(B3:B7) -> 3
A10: Prioridad | B10: Cantidad
A11: Baja | B11: =COUNTIF(#REF!,A11) -> 0
A12: Media | B12: =COUNTIF(#REF!,A12) -> 0
A13: Alta | B13: =COUNTIF(#REF!,A13) -> 0
A14: Urgente | B14: =COUNTIF(#REF!,A14) -> 0
A17: Impedimentos activos (no resueltos) | B17: =B3+B4+B5 -> 0
A19: Estos totales se actualizan automáticamente a partir de la hoja 'Impediment Log'.
